year,ccode
2007,2
2007,20
2007,31
2007,40
2007,41
2007,42
2007,51
2007,52
2007,53
2007,54
2007,55
2007,56
2007,57
2007,58
2007,60
2007,70
2007,80
2007,90
2007,91
2007,92
2007,93
2007,94
2007,95
2007,100
2007,101
2007,110
2007,115
2007,130
2007,135
2007,140
2007,145
2007,150
2007,155
2007,160
2007,165
2007,200
2007,205
2007,210
2007,211
2007,212
2007,220
2007,221
2007,223
2007,225
2007,230
2007,232
2007,235
2007,240
2007,245
2007,255
2007,260
2007,265
2007,267
2007,269
2007,271
2007,273
2007,275
2007,280
2007,290
2007,300
2007,305
2007,310
2007,315
2007,316
2007,317
2007,325
2007,327
2007,329
2007,331
2007,332
2007,335
2007,337
2007,338
2007,339
2007,343
2007,344
2007,345
2007,346
2007,349
2007,350
2007,352
2007,355
2007,359
2007,360
2007,365
2007,366
2007,367
2007,368
2007,369
2007,370
2007,371
2007,372
2007,373
2007,375
2007,380
2007,385
2007,390
2007,395
2007,402
2007,403
2007,404
2007,411
2007,420
2007,432
2007,433
2007,434
2007,435
2007,436
2007,437
2007,438
2007,439
2007,450
2007,451
2007,452
2007,461
2007,471
2007,475
2007,481
2007,482
2007,483
2007,484
2007,490
2007,500
2007,501
2007,510
2007,511
2007,516
2007,517
2007,520
2007,522
2007,530
2007,531
2007,540
2007,541
2007,551
2007,552
2007,553
2007,560
2007,565
2007,570
2007,571
2007,572
2007,580
2007,581
2007,590
2007,591
2007,600
2007,615
2007,616
2007,620
2007,625
2007,630
2007,640
2007,645
2007,651
2007,652
2007,660
2007,663
2007,666
2007,670
2007,678
2007,679
2007,680
2007,690
2007,692
2007,694
2007,696
2007,698
2007,700
2007,701
2007,702
2007,703
2007,704
2007,705
2007,710
2007,712
2007,713
2007,730
2007,731
2007,732
2007,740
2007,750
2007,760
2007,770
2007,771
2007,775
2007,780
2007,781
2007,790
2007,800
2007,811
2007,812
2007,816
2007,817
2007,820
2007,830
2007,835
2007,840
2007,850
2007,860
2007,900
2007,910
2007,920
2007,935
2007,940
2007,946
2007,947
2007,950
2007,955
2007,970
2007,983
2007,986
2007,987
2007,990
2008,2
2008,20
2008,31
2008,40
2008,41
2008,42
2008,51
2008,52
2008,53
2008,54
2008,55
2008,56
2008,57
2008,58
2008,60
2008,70
2008,80
2008,90
2008,91
2008,92
2008,93
2008,94
2008,95
2008,100
2008,101
2008,110
2008,115
2008,130
2008,135
2008,140
2008,145
2008,150
2008,155
2008,160
2008,165
2008,200
2008,205
2008,210
2008,211
2008,212
2008,220
2008,221
2008,223
2008,225
2008,230
2008,232
2008,235
2008,240
2008,245
2008,255
2008,260
2008,265
2008,267
2008,269
2008,271
2008,273
2008,275
2008,280
2008,290
2008,300
2008,305
2008,310
2008,315
2008,316
2008,317
2008,325
2008,327
2008,329
2008,331
2008,332
2008,335
2008,337
2008,338
2008,339
2008,343
2008,344
2008,345
2008,346
2008,349
2008,350
2008,352
2008,355
2008,359
2008,360
2008,365
2008,366
2008,367
2008,368
2008,369
2008,370
2008,371
2008,372
2008,373
2008,375
2008,380
2008,385
2008,390
2008,395
2008,402
2008,403
2008,404
2008,411
2008,420
2008,432
2008,433
2008,434
2008,435
2008,436
2008,437
2008,438
2008,439
2008,450
2008,451
2008,452
2008,461
2008,471
2008,475
2008,481
2008,482
2008,483
2008,484
2008,490
2008,500
2008,501
2008,510
2008,511
2008,516
2008,517
2008,520
2008,522
2008,530
2008,531
2008,540
2008,541
2008,551
2008,552
2008,553
2008,560
2008,565
2008,570
2008,571
2008,572
2008,580
2008,581
2008,590
2008,591
2008,600
2008,615
2008,616
2008,620
2008,625
2008,630
2008,640
2008,645
2008,651
2008,652
2008,660
2008,663
2008,666
2008,670
2008,678
2008,679
2008,680
2008,690
2008,692
2008,694
2008,696
2008,698
2008,700
2008,701
2008,702
2008,703
2008,704
2008,705
2008,710
2008,712
2008,713
2008,730
2008,731
2008,732
2008,740
2008,750
2008,760
2008,770
2008,771
2008,775
2008,780
2008,781
2008,790
2008,800
2008,811
2008,812
2008,816
2008,817
2008,820
2008,830
2008,835
2008,840
2008,850
2008,860
2008,900
2008,910
2008,920
2008,935
2008,940
2008,946
2008,947
2008,950
2008,955
2008,970
2008,983
2008,986
2008,987
2008,990
2009,2
2009,20
2009,31
2009,40
2009,41
2009,42
2009,51
2009,52
2009,53
2009,54
2009,55
2009,56
2009,57
2009,58
2009,60
2009,70
2009,80
2009,90
2009,91
2009,92
2009,93
2009,94
2009,95
2009,100
2009,101
2009,110
2009,115
2009,130
2009,135
2009,140
2009,145
2009,150
2009,155
2009,160
2009,165
2009,200
2009,205
2009,210
2009,211
2009,212
2009,220
2009,221
2009,223
2009,225
2009,230
2009,232
2009,235
2009,240
2009,245
2009,255
2009,260
2009,265
2009,267
2009,269
2009,271
2009,273
2009,275
2009,280
2009,290
2009,300
2009,305
2009,310
2009,315
2009,316
2009,317
2009,325
2009,327
2009,329
2009,331
2009,332
2009,335
2009,337
2009,338
2009,339
2009,343
2009,344
2009,345
2009,346
2009,349
2009,350
2009,352
2009,355
2009,359
2009,360
2009,365
2009,366
2009,367
2009,368
2009,369
2009,370
2009,371
2009,372
2009,373
2009,375
2009,380
2009,385
2009,390
2009,395
2009,402
2009,403
2009,404
2009,411
2009,420
2009,432
2009,433
2009,434
2009,435
2009,436
2009,437
2009,438
2009,439
2009,450
2009,451
2009,452
2009,461
2009,471
2009,475
2009,481
2009,482
2009,483
2009,484
2009,490
2009,500
2009,501
2009,510
2009,511
2009,516
2009,517
2009,520
2009,522
2009,530
2009,531
2009,540
2009,541
2009,551
2009,552
2009,553
2009,560
2009,565
2009,570
2009,571
2009,572
2009,580
2009,581
2009,590
2009,591
2009,600
2009,615
2009,616
2009,620
2009,625
2009,630
2009,640
2009,645
2009,651
2009,652
2009,660
2009,663
2009,666
2009,670
2009,678
2009,679
2009,680
2009,690
2009,692
2009,694
2009,696
2009,698
2009,700
2009,701
2009,702
2009,703
2009,704
2009,705
2009,710
2009,712
2009,713
2009,730
2009,731
2009,732
2009,740
2009,750
2009,760
2009,770
2009,771
2009,775
2009,780
2009,781
2009,790
2009,800
2009,811
2009,812
2009,816
2009,817
2009,820
2009,830
2009,835
2009,840
2009,850
2009,860
2009,900
2009,910
2009,920
2009,935
2009,940
2009,946
2009,947
2009,950
2009,955
2009,970
2009,983
2009,986
2009,987
2009,990
2010,2
2010,20
2010,31
2010,40
2010,41
2010,42
2010,51
2010,52
2010,53
2010,54
2010,55
2010,56
2010,57
2010,58
2010,60
2010,70
2010,80
2010,90
2010,91
2010,92
2010,93
2010,94
2010,95
2010,100
2010,101
2010,110
2010,115
2010,130
2010,135
2010,140
2010,145
2010,150
2010,155
2010,160
2010,165
2010,200
2010,205
2010,210
2010,211
2010,212
2010,220
2010,221
2010,223
2010,225
2010,230
2010,232
2010,235
2010,240
2010,245
2010,255
2010,260
2010,265
2010,267
2010,269
2010,271
2010,273
2010,275
2010,280
2010,290
2010,300
2010,305
2010,310
2010,315
2010,316
2010,317
2010,325
2010,327
2010,329
2010,331
2010,332
2010,335
2010,337
2010,338
2010,339
2010,343
2010,344
2010,345
2010,346
2010,349
2010,350
2010,352
2010,355
2010,359
2010,360
2010,365
2010,366
2010,367
2010,368
2010,369
2010,370
2010,371
2010,372
2010,373
2010,375
2010,380
2010,385
2010,390
2010,395
2010,402
2010,403
2010,404
2010,411
2010,420
2010,432
2010,433
2010,434
2010,435
2010,436
2010,437
2010,438
2010,439
2010,450
2010,451
2010,452
2010,461
2010,471
2010,475
2010,481
2010,482
2010,483
2010,484
2010,490
2010,500
2010,501
2010,510
2010,511
2010,516
2010,517
2010,520
2010,522
2010,530
2010,531
2010,540
2010,541
2010,551
2010,552
2010,553
2010,560
2010,565
2010,570
2010,571
2010,572
2010,580
2010,581
2010,590
2010,591
2010,600
2010,615
2010,616
2010,620
2010,625
2010,630
2010,640
2010,645
2010,651
2010,652
2010,660
2010,663
2010,666
2010,670
2010,678
2010,679
2010,680
2010,690
2010,692
2010,694
2010,696
2010,698
2010,700
2010,701
2010,702
2010,703
2010,704
2010,705
2010,710
2010,712
2010,713
2010,730
2010,731
2010,732
2010,740
2010,750
2010,760
2010,770
2010,771
2010,775
2010,780
2010,781
2010,790
2010,800
2010,811
2010,812
2010,816
2010,817
2010,820
2010,830
2010,835
2010,840
2010,850
2010,860
2010,900
2010,910
2010,920
2010,935
2010,940
2010,946
2010,947
2010,950
2010,955
2010,970
2010,983
2010,986
2010,987
2010,990
2011,2
2011,20
2011,31
2011,40
2011,41
2011,42
2011,51
2011,52
2011,53
2011,54
2011,55
2011,56
2011,57
2011,58
2011,60
2011,70
2011,80
2011,90
2011,91
2011,92
2011,93
2011,94
2011,95
2011,100
2011,101
2011,110
2011,115
2011,130
2011,135
2011,140
2011,145
2011,150
2011,155
2011,160
2011,165
2011,200
2011,205
2011,210
2011,211
2011,212
2011,220
2011,221
2011,223
2011,225
2011,230
2011,232
2011,235
2011,240
2011,245
2011,255
2011,260
2011,265
2011,267
2011,269
2011,271
2011,273
2011,275
2011,280
2011,290
2011,300
2011,305
2011,310
2011,315
2011,316
2011,317
2011,325
2011,327
2011,329
2011,331
2011,332
2011,335
2011,337
2011,338
2011,339
2011,343
2011,344
2011,345
2011,346
2011,349
2011,350
2011,352
2011,355
2011,359
2011,360
2011,365
2011,366
2011,367
2011,368
2011,369
2011,370
2011,371
2011,372
2011,373
2011,375
2011,380
2011,385
2011,390
2011,395
2011,402
2011,403
2011,404
2011,411
2011,420
2011,432
2011,433
2011,434
2011,435
2011,436
2011,437
2011,438
2011,439
2011,450
2011,451
2011,452
2011,461
2011,471
2011,475
2011,481
2011,482
2011,483
2011,484
2011,490
2011,500
2011,501
2011,510
2011,511
2011,516
2011,517
2011,520
2011,522
2011,530
2011,531
2011,540
2011,541
2011,551
2011,552
2011,553
2011,560
2011,565
2011,570
2011,571
2011,572
2011,580
2011,581
2011,590
2011,591
2011,600
2011,615
2011,616
2011,620
2011,625
2011,630
2011,640
2011,645
2011,651
2011,652
2011,660
2011,663
2011,666
2011,670
2011,678
2011,679
2011,680
2011,690
2011,692
2011,694
2011,696
2011,698
2011,700
2011,701
2011,702
2011,703
2011,704
2011,705
2011,710
2011,712
2011,713
2011,730
2011,731
2011,732
2011,740
2011,750
2011,760
2011,770
2011,771
2011,775
2011,780
2011,781
2011,790
2011,800
2011,811
2011,812
2011,816
2011,817
2011,820
2011,830
2011,835
2011,840
2011,850
2011,860
2011,900
2011,910
2011,920
2011,935
2011,940
2011,946
2011,947
2011,950
2011,955
2011,970
2011,983
2011,986
2011,987
2011,990
2012,2
2012,20
2012,31
2012,40
2012,41
2012,42
2012,51
2012,52
2012,53
2012,54
2012,55
2012,56
2012,57
2012,58
2012,60
2012,70
2012,80
2012,90
2012,91
2012,92
2012,93
2012,94
2012,95
2012,100
2012,101
2012,110
2012,115
2012,130
2012,135
2012,140
2012,145
2012,150
2012,155
2012,160
2012,165
2012,200
2012,205
2012,210
2012,211
2012,212
2012,220
2012,221
2012,223
2012,225
2012,230
2012,232
2012,235
2012,240
2012,245
2012,255
2012,260
2012,265
2012,267
2012,269
2012,271
2012,273
2012,275
2012,280
2012,290
2012,300
2012,305
2012,310
2012,315
2012,316
2012,317
2012,325
2012,327
2012,329
2012,331
2012,332
2012,335
2012,337
2012,338
2012,339
2012,343
2012,344
2012,345
2012,346
2012,349
2012,350
2012,352
2012,355
2012,359
2012,360
2012,365
2012,366
2012,367
2012,368
2012,369
2012,370
2012,371
2012,372
2012,373
2012,375
2012,380
2012,385
2012,390
2012,395
2012,402
2012,403
2012,404
2012,411
2012,420
2012,432
2012,433
2012,434
2012,435
2012,436
2012,437
2012,438
2012,439
2012,450
2012,451
2012,452
2012,461
2012,471
2012,475
2012,481
2012,482
2012,483
2012,484
2012,490
2012,500
2012,501
2012,510
2012,511
2012,516
2012,517
2012,520
2012,522
2012,530
2012,531
2012,540
2012,541
2012,551
2012,552
2012,553
2012,560
2012,565
2012,570
2012,571
2012,572
2012,580
2012,581
2012,590
2012,591
2012,600
2012,615
2012,616
2012,620
2012,625
2012,630
2012,640
2012,645
2012,651
2012,652
2012,660
2012,663
2012,666
2012,670
2012,678
2012,679
2012,680
2012,690
2012,692
2012,694
2012,696
2012,698
2012,700
2012,701
2012,702
2012,703
2012,704
2012,705
2012,710
2012,712
2012,713
2012,730
2012,731
2012,732
2012,740
2012,750
2012,760
2012,770
2012,771
2012,775
2012,780
2012,781
2012,790
2012,800
2012,811
2012,812
2012,816
2012,817
2012,820
2012,830
2012,835
2012,840
2012,850
2012,860
2012,900
2012,910
2012,920
2012,935
2012,940
2012,946
2012,947
2012,950
2012,955
2012,970
2012,983
2012,986
2012,987
2012,990
2013,2
2013,20
2013,31
2013,40
2013,41
2013,42
2013,51
2013,52
2013,53
2013,54
2013,55
2013,56
2013,57
2013,58
2013,60
2013,70
2013,80
2013,90
2013,91
2013,92
2013,93
2013,94
2013,95
2013,100
2013,101
2013,110
2013,115
2013,130
2013,135
2013,140
2013,145
2013,150
2013,155
2013,160
2013,165
2013,200
2013,205
2013,210
2013,211
2013,212
2013,220
2013,221
2013,223
2013,225
2013,230
2013,232
2013,235
2013,240
2013,245
2013,255
2013,260
2013,265
2013,267
2013,269
2013,271
2013,273
2013,275
2013,280
2013,290
2013,300
2013,305
2013,310
2013,315
2013,316
2013,317
2013,325
2013,327
2013,329
2013,331
2013,332
2013,335
2013,337
2013,338
2013,339
2013,343
2013,344
2013,345
2013,346
2013,349
2013,350
2013,352
2013,355
2013,359
2013,360
2013,365
2013,366
2013,367
2013,368
2013,369
2013,370
2013,371
2013,372
2013,373
2013,375
2013,380
2013,385
2013,390
2013,395
2013,402
2013,403
2013,404
2013,411
2013,420
2013,432
2013,433
2013,434
2013,435
2013,436
2013,437
2013,438
2013,439
2013,450
2013,451
2013,452
2013,461
2013,471
2013,475
2013,481
2013,482
2013,483
2013,484
2013,490
2013,500
2013,501
2013,510
2013,511
2013,516
2013,517
2013,520
2013,522
2013,530
2013,531
2013,540
2013,541
2013,551
2013,552
2013,553
2013,560
2013,565
2013,570
2013,571
2013,572
2013,580
2013,581
2013,590
2013,591
2013,600
2013,615
2013,616
2013,620
2013,625
2013,630
2013,640
2013,645
2013,651
2013,652
2013,660
2013,663
2013,666
2013,670
2013,678
2013,679
2013,680
2013,690
2013,692
2013,694
2013,696
2013,698
2013,700
2013,701
2013,702
2013,703
2013,704
2013,705
2013,710
2013,712
2013,713
2013,730
2013,731
2013,732
2013,740
2013,750
2013,760
2013,770
2013,771
2013,775
2013,780
2013,781
2013,790
2013,800
2013,811
2013,812
2013,816
2013,817
2013,820
2013,830
2013,835
2013,840
2013,850
2013,860
2013,900
2013,910
2013,920
2013,935
2013,940
2013,946
2013,947
2013,950
2013,955
2013,970
2013,983
2013,986
2013,987
2013,990
2014,2
2014,20
2014,31
2014,40
2014,41
2014,42
2014,51
2014,52
2014,53
2014,54
2014,55
2014,56
2014,57
2014,58
2014,60
2014,70
2014,80
2014,90
2014,91
2014,92
2014,93
2014,94
2014,95
2014,100
2014,101
2014,110
2014,115
2014,130
2014,135
2014,140
2014,145
2014,150
2014,155
2014,160
2014,165
2014,200
2014,205
2014,210
2014,211
2014,212
2014,220
2014,221
2014,223
2014,225
2014,230
2014,232
2014,235
2014,240
2014,245
2014,255
2014,260
2014,265
2014,267
2014,269
2014,271
2014,273
2014,275
2014,280
2014,290
2014,300
2014,305
2014,310
2014,315
2014,316
2014,317
2014,325
2014,327
2014,329
2014,331
2014,332
2014,335
2014,337
2014,338
2014,339
2014,343
2014,344
2014,345
2014,346
2014,349
2014,350
2014,352
2014,355
2014,359
2014,360
2014,365
2014,366
2014,367
2014,368
2014,369
2014,370
2014,371
2014,372
2014,373
2014,375
2014,380
2014,385
2014,390
2014,395
2014,402
2014,403
2014,404
2014,411
2014,420
2014,432
2014,433
2014,434
2014,435
2014,436
2014,437
2014,438
2014,439
2014,450
2014,451
2014,452
2014,461
2014,471
2014,475
2014,481
2014,482
2014,483
2014,484
2014,490
2014,500
2014,501
2014,510
2014,511
2014,516
2014,517
2014,520
2014,522
2014,530
2014,531
2014,540
2014,541
2014,551
2014,552
2014,553
2014,560
2014,565
2014,570
2014,571
2014,572
2014,580
2014,581
2014,590
2014,591
2014,600
2014,615
2014,616
2014,620
2014,625
2014,630
2014,640
2014,645
2014,651
2014,652
2014,660
2014,663
2014,666
2014,670
2014,678
2014,679
2014,680
2014,690
2014,692
2014,694
2014,696
2014,698
2014,700
2014,701
2014,702
2014,703
2014,704
2014,705
2014,710
2014,712
2014,713
2014,730
2014,731
2014,732
2014,740
2014,750
2014,760
2014,770
2014,771
2014,775
2014,780
2014,781
2014,790
2014,800
2014,811
2014,812
2014,816
2014,817
2014,820
2014,830
2014,835
2014,840
2014,850
2014,860
2014,900
2014,910
2014,920
2014,935
2014,940
2014,946
2014,947
2014,950
2014,955
2014,970
2014,983
2014,986
2014,987
2014,990
2015,2
2015,20
2015,31
2015,40
2015,41
2015,42
2015,51
2015,52
2015,53
2015,54
2015,55
2015,56
2015,57
2015,58
2015,60
2015,70
2015,80
2015,90
2015,91
2015,92
2015,93
2015,94
2015,95
2015,100
2015,101
2015,110
2015,115
2015,130
2015,135
2015,140
2015,145
2015,150
2015,155
2015,160
2015,165
2015,200
2015,205
2015,210
2015,211
2015,212
2015,220
2015,221
2015,223
2015,225
2015,230
2015,232
2015,235
2015,240
2015,245
2015,255
2015,260
2015,265
2015,267
2015,269
2015,271
2015,273
2015,275
2015,280
2015,290
2015,300
2015,305
2015,310
2015,315
2015,316
2015,317
2015,325
2015,327
2015,329
2015,331
2015,332
2015,335
2015,337
2015,338
2015,339
2015,343
2015,344
2015,345
2015,346
2015,349
2015,350
2015,352
2015,355
2015,359
2015,360
2015,365
2015,366
2015,367
2015,368
2015,369
2015,370
2015,371
2015,372
2015,373
2015,375
2015,380
2015,385
2015,390
2015,395
2015,402
2015,403
2015,404
2015,411
2015,420
2015,432
2015,433
2015,434
2015,435
2015,436
2015,437
2015,438
2015,439
2015,450
2015,451
2015,452
2015,461
2015,471
2015,475
2015,481
2015,482
2015,483
2015,484
2015,490
2015,500
2015,501
2015,510
2015,511
2015,516
2015,517
2015,520
2015,522
2015,530
2015,531
2015,540
2015,541
2015,551
2015,552
2015,553
2015,560
2015,565
2015,570
2015,571
2015,572
2015,580
2015,581
2015,590
2015,591
2015,600
2015,615
2015,616
2015,620
2015,625
2015,630
2015,640
2015,645
2015,651
2015,652
2015,660
2015,663
2015,666
2015,670
2015,678
2015,679
2015,680
2015,690
2015,692
2015,694
2015,696
2015,698
2015,700
2015,701
2015,702
2015,703
2015,704
2015,705
2015,710
2015,712
2015,713
2015,730
2015,731
2015,732
2015,740
2015,750
2015,760
2015,770
2015,771
2015,775
2015,780
2015,781
2015,790
2015,800
2015,811
2015,812
2015,816
2015,817
2015,820
2015,830
2015,835
2015,840
2015,850
2015,860
2015,900
2015,910
2015,920
2015,935
2015,940
2015,946
2015,947
2015,950
2015,955
2015,970
2015,983
2015,986
2015,987
2015,990
2016,2
2016,20
2016,31
2016,40
2016,41
2016,42
2016,51
2016,52
2016,53
2016,54
2016,55
2016,56
2016,57
2016,58
2016,60
2016,70
2016,80
2016,90
2016,91
2016,92
2016,93
2016,94
2016,95
2016,100
2016,101
2016,110
2016,115
2016,130
2016,135
2016,140
2016,145
2016,150
2016,155
2016,160
2016,165
2016,200
2016,205
2016,210
2016,211
2016,212
2016,220
2016,221
2016,223
2016,225
2016,230
2016,232
2016,235
2016,240
2016,245
2016,255
2016,260
2016,265
2016,267
2016,269
2016,271
2016,273
2016,275
2016,280
2016,290
2016,300
2016,305
2016,310
2016,315
2016,316
2016,317
2016,325
2016,327
2016,329
2016,331
2016,332
2016,335
2016,337
2016,338
2016,339
2016,343
2016,344
2016,345
2016,346
2016,349
2016,350
2016,352
2016,355
2016,359
2016,360
2016,365
2016,366
2016,367
2016,368
2016,369
2016,370
2016,371
2016,372
2016,373
2016,375
2016,380
2016,385
2016,390
2016,395
2016,402
2016,403
2016,404
2016,411
2016,420
2016,432
2016,433
2016,434
2016,435
2016,436
2016,437
2016,438
2016,439
2016,450
2016,451
2016,452
2016,461
2016,471
2016,475
2016,481
2016,482
2016,483
2016,484
2016,490
2016,500
2016,501
2016,510
2016,511
2016,516
2016,517
2016,520
2016,522
2016,530
2016,531
2016,540
2016,541
2016,551
2016,552
2016,553
2016,560
2016,565
2016,570
2016,571
2016,572
2016,580
2016,581
2016,590
2016,591
2016,600
2016,615
2016,616
2016,620
2016,625
2016,630
2016,640
2016,645
2016,651
2016,652
2016,660
2016,663
2016,666
2016,670
2016,678
2016,679
2016,680
2016,690
2016,692
2016,694
2016,696
2016,698
2016,700
2016,701
2016,702
2016,703
2016,704
2016,705
2016,710
2016,712
2016,713
2016,730
2016,731
2016,732
2016,740
2016,750
2016,760
2016,770
2016,771
2016,775
2016,780
2016,781
2016,790
2016,800
2016,811
2016,812
2016,816
2016,817
2016,820
2016,830
2016,835
2016,840
2016,850
2016,860
2016,900
2016,910
2016,920
2016,935
2016,940
2016,946
2016,947
2016,950
2016,955
2016,970
2016,983
2016,986
2016,987
2016,990
2017,2
2017,20
2017,31
2017,40
2017,41
2017,42
2017,51
2017,52
2017,53
2017,54
2017,55
2017,56
2017,57
2017,58
2017,60
2017,70
2017,80
2017,90
2017,91
2017,92
2017,93
2017,94
2017,95
2017,100
2017,101
2017,110
2017,115
2017,130
2017,135
2017,140
2017,145
2017,150
2017,155
2017,160
2017,165
2017,200
2017,205
2017,210
2017,211
2017,212
2017,220
2017,221
2017,223
2017,225
2017,230
2017,232
2017,235
2017,240
2017,245
2017,255
2017,260
2017,265
2017,267
2017,269
2017,271
2017,273
2017,275
2017,280
2017,290
2017,300
2017,305
2017,310
2017,315
2017,316
2017,317
2017,325
2017,327
2017,329
2017,331
2017,332
2017,335
2017,337
2017,338
2017,339
2017,343
2017,344
2017,345
2017,346
2017,349
2017,350
2017,352
2017,355
2017,359
2017,360
2017,365
2017,366
2017,367
2017,368
2017,369
2017,370
2017,371
2017,372
2017,373
2017,375
2017,380
2017,385
2017,390
2017,395
2017,402
2017,403
2017,404
2017,411
2017,420
2017,432
2017,433
2017,434
2017,435
2017,436
2017,437
2017,438
2017,439
2017,450
2017,451
2017,452
2017,461
2017,471
2017,475
2017,481
2017,482
2017,483
2017,484
2017,490
2017,500
2017,501
2017,510
2017,511
2017,516
2017,517
2017,520
2017,522
2017,530
2017,531
2017,540
2017,541
2017,551
2017,552
2017,553
2017,560
2017,565
2017,570
2017,571
2017,572
2017,580
2017,581
2017,590
2017,591
2017,600
2017,615
2017,616
2017,620
2017,625
2017,630
2017,640
2017,645
2017,651
2017,652
2017,660
2017,663
2017,666
2017,670
2017,678
2017,679
2017,680
2017,690
2017,692
2017,694
2017,696
2017,698
2017,700
2017,701
2017,702
2017,703
2017,704
2017,705
2017,710
2017,712
2017,713
2017,730
2017,731
2017,732
2017,740
2017,750
2017,760
2017,770
2017,771
2017,775
2017,780
2017,781
2017,790
2017,800
2017,811
2017,812
2017,816
2017,817
2017,820
2017,830
2017,835
2017,840
2017,850
2017,860
2017,900
2017,910
2017,920
2017,935
2017,940
2017,946
2017,947
2017,950
2017,955
2017,970
2017,983
2017,986
2017,987
2017,990
2018,2
2018,20
2018,31
2018,40
2018,41
2018,42
2018,51
2018,52
2018,53
2018,54
2018,55
2018,56
2018,57
2018,58
2018,60
2018,70
2018,80
2018,90
2018,91
2018,92
2018,93
2018,94
2018,95
2018,100
2018,101
2018,110
2018,115
2018,130
2018,135
2018,140
2018,145
2018,150
2018,155
2018,160
2018,165
2018,200
2018,205
2018,210
2018,211
2018,212
2018,220
2018,221
2018,223
2018,225
2018,230
2018,232
2018,235
2018,240
2018,245
2018,255
2018,260
2018,265
2018,267
2018,269
2018,271
2018,273
2018,275
2018,280
2018,290
2018,300
2018,305
2018,310
2018,315
2018,316
2018,317
2018,325
2018,327
2018,329
2018,331
2018,332
2018,335
2018,337
2018,338
2018,339
2018,343
2018,344
2018,345
2018,346
2018,349
2018,350
2018,352
2018,355
2018,359
2018,360
2018,365
2018,366
2018,367
2018,368
2018,369
2018,370
2018,371
2018,372
2018,373
2018,375
2018,380
2018,385
2018,390
2018,395
2018,402
2018,403
2018,404
2018,411
2018,420
2018,432
2018,433
2018,434
2018,435
2018,436
2018,437
2018,438
2018,439
2018,450
2018,451
2018,452
2018,461
2018,471
2018,475
2018,481
2018,482
2018,483
2018,484
2018,490
2018,500
2018,501
2018,510
2018,511
2018,516
2018,517
2018,520
2018,522
2018,530
2018,531
2018,540
2018,541
2018,551
2018,552
2018,553
2018,560
2018,565
2018,570
2018,571
2018,572
2018,580
2018,581
2018,590
2018,591
2018,600
2018,615
2018,616
2018,620
2018,625
2018,630
2018,640
2018,645
2018,651
2018,652
2018,660
2018,663
2018,666
2018,670
2018,678
2018,679
2018,680
2018,690
2018,692
2018,694
2018,696
2018,698
2018,700
2018,701
2018,702
2018,703
2018,704
2018,705
2018,710
2018,712
2018,713
2018,730
2018,731
2018,732
2018,740
2018,750
2018,760
2018,770
2018,771
2018,775
2018,780
2018,781
2018,790
2018,800
2018,811
2018,812
2018,816
2018,817
2018,820
2018,830
2018,835
2018,840
2018,850
2018,860
2018,900
2018,910
2018,920
2018,935
2018,940
2018,946
2018,947
2018,950
2018,955
2018,970
2018,983
2018,986
2018,987
2018,990
2019,2
2019,20
2019,31
2019,40
2019,41
2019,42
2019,51
2019,52
2019,53
2019,54
2019,55
2019,56
2019,57
2019,58
2019,60
2019,70
2019,80
2019,90
2019,91
2019,92
2019,93
2019,94
2019,95
2019,100
2019,101
2019,110
2019,115
2019,130
2019,135
2019,140
2019,145
2019,150
2019,155
2019,160
2019,165
2019,200
2019,205
2019,210
2019,211
2019,212
2019,220
2019,221
2019,223
2019,225
2019,230
2019,232
2019,235
2019,240
2019,245
2019,255
2019,260
2019,265
2019,267
2019,269
2019,271
2019,273
2019,275
2019,280
2019,290
2019,300
2019,305
2019,310
2019,315
2019,316
2019,317
2019,325
2019,327
2019,329
2019,331
2019,332
2019,335
2019,337
2019,338
2019,339
2019,343
2019,344
2019,345
2019,346
2019,349
2019,350
2019,352
2019,355
2019,359
2019,360
2019,365
2019,366
2019,367
2019,368
2019,369
2019,370
2019,371
2019,372
2019,373
2019,375
2019,380
2019,385
2019,390
2019,395
2019,402
2019,403
2019,404
2019,411
2019,420
2019,432
2019,433
2019,434
2019,435
2019,436
2019,437
2019,438
2019,439
2019,450
2019,451
2019,452
2019,461
2019,471
2019,475
2019,481
2019,482
2019,483
2019,484
2019,490
2019,500
2019,501
2019,510
2019,511
2019,516
2019,517
2019,520
2019,522
2019,530
2019,531
2019,540
2019,541
2019,551
2019,552
2019,553
2019,560
2019,565
2019,570
2019,571
2019,572
2019,580
2019,581
2019,590
2019,591
2019,600
2019,615
2019,616
2019,620
2019,625
2019,630
2019,640
2019,645
2019,651
2019,652
2019,660
2019,663
2019,666
2019,670
2019,678
2019,679
2019,680
2019,690
2019,692
2019,694
2019,696
2019,698
2019,700
2019,701
2019,702
2019,703
2019,704
2019,705
2019,710
2019,712
2019,713
2019,730
2019,731
2019,732
2019,740
2019,750
2019,760
2019,770
2019,771
2019,775
2019,780
2019,781
2019,790
2019,800
2019,811
2019,812
2019,816
2019,817
2019,820
2019,830
2019,835
2019,840
2019,850
2019,860
2019,900
2019,910
2019,920
2019,935
2019,940
2019,946
2019,947
2019,950
2019,955
2019,970
2019,983
2019,986
2019,987
2019,990
2020,2
2020,20
2020,31
2020,40
2020,41
2020,42
2020,51
2020,52
2020,53
2020,54
2020,55
2020,56
2020,57
2020,58
2020,60
2020,70
2020,80
2020,90
2020,91
2020,92
2020,93
2020,94
2020,95
2020,100
2020,101
2020,110
2020,115
2020,130
2020,135
2020,140
2020,145
2020,150
2020,155
2020,160
2020,165
2020,200
2020,205
2020,210
2020,211
2020,212
2020,220
2020,221
2020,223
2020,225
2020,230
2020,232
2020,235
2020,240
2020,245
2020,255
2020,260
2020,265
2020,267
2020,269
2020,271
2020,273
2020,275
2020,280
2020,290
2020,300
2020,305
2020,310
2020,315
2020,316
2020,317
2020,325
2020,327
2020,329
2020,331
2020,332
2020,335
2020,337
2020,338
2020,339
2020,343
2020,344
2020,345
2020,346
2020,349
2020,350
2020,352
2020,355
2020,359
2020,360
2020,365
2020,366
2020,367
2020,368
2020,369
2020,370
2020,371
2020,372
2020,373
2020,375
2020,380
2020,385
2020,390
2020,395
2020,402
2020,403
2020,404
2020,411
2020,420
2020,432
2020,433
2020,434
2020,435
2020,436
2020,437
2020,438
2020,439
2020,450
2020,451
2020,452
2020,461
2020,471
2020,475
2020,481
2020,482
2020,483
2020,484
2020,490
2020,500
2020,501
2020,510
2020,511
2020,516
2020,517
2020,520
2020,522
2020,530
2020,531
2020,540
2020,541
2020,551
2020,552
2020,553
2020,560
2020,565
2020,570
2020,571
2020,572
2020,580
2020,581
2020,590
2020,591
2020,600
2020,615
2020,616
2020,620
2020,625
2020,630
2020,640
2020,645
2020,651
2020,652
2020,660
2020,663
2020,666
2020,670
2020,678
2020,679
2020,680
2020,690
2020,692
2020,694
2020,696
2020,698
2020,700
2020,701
2020,702
2020,703
2020,704
2020,705
2020,710
2020,712
2020,713
2020,730
2020,731
2020,732
2020,740
2020,750
2020,760
2020,770
2020,771
2020,775
2020,780
2020,781
2020,790
2020,800
2020,811
2020,812
2020,816
2020,817
2020,820
2020,830
2020,835
2020,840
2020,850
2020,860
2020,900
2020,910
2020,920
2020,935
2020,940
2020,946
2020,947
2020,950
2020,955
2020,970
2020,983
2020,986
2020,987
2020,990
2021,2
2021,20
2021,31
2021,40
2021,41
2021,42
2021,51
2021,52
2021,53
2021,54
2021,55
2021,56
2021,57
2021,58
2021,60
2021,70
2021,80
2021,90
2021,91
2021,92
2021,93
2021,94
2021,95
2021,100
2021,101
2021,110
2021,115
2021,130
2021,135
2021,140
2021,145
2021,150
2021,155
2021,160
2021,165
2021,200
2021,205
2021,210
2021,211
2021,212
2021,220
2021,221
2021,223
2021,225
2021,230
2021,232
2021,235
2021,240
2021,245
2021,255
2021,260
2021,265
2021,267
2021,269
2021,271
2021,273
2021,275
2021,280
2021,290
2021,300
2021,305
2021,310
2021,315
2021,316
2021,317
2021,325
2021,327
2021,329
2021,331
2021,332
2021,335
2021,337
2021,338
2021,339
2021,343
2021,344
2021,345
2021,346
2021,349
2021,350
2021,352
2021,355
2021,359
2021,360
2021,365
2021,366
2021,367
2021,368
2021,369
2021,370
2021,371
2021,372
2021,373
2021,375
2021,380
2021,385
2021,390
2021,395
2021,402
2021,403
2021,404
2021,411
2021,420
2021,432
2021,433
2021,434
2021,435
2021,436
2021,437
2021,438
2021,439
2021,450
2021,451
2021,452
2021,461
2021,471
2021,475
2021,481
2021,482
2021,483
2021,484
2021,490
2021,500
2021,501
2021,510
2021,511
2021,516
2021,517
2021,520
2021,522
2021,530
2021,531
2021,540
2021,541
2021,551
2021,552
2021,553
2021,560
2021,565
2021,570
2021,571
2021,572
2021,580
2021,581
2021,590
2021,591
2021,600
2021,615
2021,616
2021,620
2021,625
2021,630
2021,640
2021,645
2021,651
2021,652
2021,660
2021,663
2021,666
2021,670
2021,678
2021,679
2021,680
2021,690
2021,692
2021,694
2021,696
2021,698
2021,700
2021,701
2021,702
2021,703
2021,704
2021,705
2021,710
2021,712
2021,713
2021,730
2021,731
2021,732
2021,740
2021,750
2021,760
2021,770
2021,771
2021,775
2021,780
2021,781
2021,790
2021,800
2021,811
2021,812
2021,816
2021,817
2021,820
2021,830
2021,835
2021,840
2021,850
2021,860
2021,900
2021,910
2021,920
2021,935
2021,940
2021,946
2021,947
2021,950
2021,955
2021,970
2021,983
2021,986
2021,987
2021,990
